{"valveOpenPercent": 86.99995, "valve2OpenPercent": 86.99995}